,Symbol,Name,Sector,Price,PE,PriceSales,PriceBook,WeekHigh52,WeekLow52,DividendYield,EPS,#_of_shares,Market_cap,quantile
0,MMM,3M Company,Industrials,197.48,21.35,3.56,8.87,199.29,131.12,3.01,9.25,944033.0,186427636.84,2
1,AOS,A.O. Smith Corp,Industrials,67.56,31.87,3.77,5.91,70.13,37.92,1.55,2.12,190577.0,12875382.12,0
2,ABT,Abbott Laboratories,Health Care,123.94,49.52,6.34,6.7,128.54,86.16,1.48,2.5,1981157.0,245544598.58,2
3,ABBV,AbbVie Inc.,Health Care,106.89,39.3,4.12,14.43,113.41,79.11,4.91,2.72,1792141.0,191561951.49,2
4,ABMD,Abiomed,Health Care,337.59,76.95,18.78,12.1,387.4,158.08,0.0,4.39,47542.0,16049703.78,0
5,ACN,Accenture,Information Technology,285.15,33.75,3.97,9.9,288.1,165.71,1.24,8.45,658549.0,187785247.35,2
6,ATVI,Activision Blizzard,Communication Services,97.78,34.67,9.37,5.03,104.53,62.34,0.49,2.82,1202906.0,117620148.68,2
7,ADBE,Adobe Inc.,Information Technology,523.25,45.56,18.28,18.5,536.88,325.21,0.0,11.49,601000.0,314473250.0,2
8,AAP,Advance Auto Parts,Consumer Discretionary,189.46,26.54,1.23,3.5,190.2,110.96,0.53,7.14,76305.0,14456745.3,0
9,AMD,Advanced Micro Devices,Information Technology,83.01,40.22,10.33,17.22,99.23,48.42,0.0,2.06,1217000.0,101023170.0,2
10,AES,AES Corp,Utilities,28.53,445.78,1.97,7.21,29.07,11.0,2.12,0.06,818399.0,23348923.470000003,1
11,AFL,Aflac,Financials,52.83,7.92,1.64,1.09,52.92,30.32,2.5,6.67,1351018.0,71374280.94,2
12,A,Agilent Technologies,Health Care,133.28,51.32,7.34,8.46,136.98,73.42,0.59,2.6,306000.0,40783680.0,1
13,APD,Air Products & Chemicals,Materials,287.15,33.73,7.08,5.01,327.89,205.41,2.12,8.51,249456.0,71631290.39999999,2
14,AKAM,Akamai Technologies,Information Technology,105.83,31.4,5.4,4.05,124.91,92.64,0.0,3.37,164673.0,17427343.59,0
15,ALK,Alaska Air Group,Industrials,69.43,0.0,2.42,2.89,74.25,23.39,0.0,-10.73,133568.0,9273626.24,0
16,ALB,Albemarle Corporation,Materials,150.51,42.76,5.61,3.77,188.35,55.75,1.02,3.52,106842.0,16080789.42,0
17,ARE,Alexandria Real Estate Equities,Real Estate,174.22,28.99,12.52,2.03,179.79,136.52,2.55,6.01,136690.0,23814131.8,1
18,ALXN,Alexion Pharmaceuticals,Health Care,157.54,57.92,5.73,2.97,162.6,94.82,0.0,2.72,240900.0,37951386.0,1
19,ALGN,Align Technology,Health Care,606.23,27.05,19.41,14.78,634.46,178.7,0.0,22.41,78860.0,47807297.8,1
20,ALLE,Allegion,Industrials,130.53,38.5,4.35,14.35,134.44,89.83,1.11,3.39,91213.0,11906032.89,0
21,LNT,Alliant Energy,Utilities,55.68,22.54,4.08,2.45,58.1,44.36,2.93,2.47,249868.0,13912650.24,0
22,ALL,Allstate Corp,Financials,121.59,7.02,0.82,1.31,121.67,84.97,2.69,17.31,900000.0,109431000.0,2
23,GOOGL,Alphabet Inc. (Class A),Communication Services,2285.25,38.99,8.46,6.93,2295.94,1205.0,0.0,58.61,675222.0,1543051075.5,2
24,GOOG,Alphabet Inc. (Class C),Communication Services,2296.66,39.18,8.46,6.97,2306.6,1209.71,0.0,58.61,675222.0,1550755358.52,2
25,MO,Altria Group Inc,Consumer Staples,51.61,21.5,4.59,33.78,52.59,35.02,6.7,2.4,2805961.0,144815647.21,2
26,AMZN,Amazon.com Inc.,Consumer Discretionary,3379.09,80.78,4.41,18.2,3552.25,2256.38,0.0,41.83,527000.0,1780780430.0,2
27,AMCR,Amcor plc,Materials,11.89,37.99,1.49,3.57,12.4,8.18,4.0,0.31,1568500.0,18649465.0,0
28,AEE,Ameren Corp,Utilities,83.58,23.88,3.85,2.37,86.9,66.33,2.66,3.5,253300.0,21170814.0,0
29,AAL,American Airlines Group,Industrials,22.13,0.0,0.82,0.0,26.09,8.25,0.0,-18.36,621480.0,13753352.4,0
30,AEP,American Electric Power,Utilities,87.81,19.87,2.92,2.12,94.21,74.8,3.4,4.42,516808.0,45380910.48,1
31,AXP,American Express,Financials,148.53,39.4,3.81,5.2,151.46,76.0,1.17,3.77,805000.0,119566650.0,2
32,AIG,American International Group,Financials,46.66,0.0,0.93,0.61,49.0,22.14,2.74,-6.88,1906671.0,88965268.86,2
33,AMT,American Tower Corp.,Real Estate,247.16,65.21,13.66,26.83,272.2,197.5,2.05,3.79,455245.0,112518354.2,2
34,AWK,American Water Works,Utilities,159.16,40.71,7.65,4.47,172.56,112.5,1.4,3.91,186467.0,29678087.72,1
35,AMP,Ameriprise Financial,Financials,247.52,20.29,2.41,4.93,249.27,100.11,1.68,12.2,332390.0,82273172.8,2
36,ABC,AmerisourceBergen,Health Care,119.04,0.0,0.13,0.0,120.54,81.51,1.5,-15.76,287790.0,34258521.6,1
37,AME,Ametek,Industrials,133.15,35.32,6.77,5.16,133.95,73.11,0.61,3.77,266746.0,35517229.9,1
38,AMGN,Amgen Inc.,Health Care,255.13,20.73,5.78,15.68,276.69,207.33,2.82,12.31,578300.0,147541679.0,2
39,APH,Amphenol Corp,Information Technology,68.52,35.05,4.78,7.62,69.1,37.77,1.71,1.96,600600.0,41153112.0,1
40,ADI,"Analog Devices, Inc.",Information Technology,160.71,42.62,10.12,4.9,164.4,95.75,1.74,3.77,369485.0,59379934.35,2
41,ANSS,"ANSYS, Inc.",Information Technology,374.62,75.38,19.42,7.91,413.19,234.21,0.0,4.97,95266.0,35688548.92,1
42,ANTM,Anthem,Health Care,372.6,20.72,0.75,2.75,379.13,220.94,1.25,17.98,245401.0,91436412.6,2
43,AON,Aon plc,Financials,236.5,27.97,4.83,15.26,237.71,167.45,0.78,8.45,225500.0,53330750.0,1
44,APA,APA Corporation,Energy,18.07,0.0,1.55,0.0,23.85,6.36,0.58,-12.86,418429.0,7561012.03,0
45,AAPL,Apple Inc.,Information Technology,134.5,36.48,7.68,34.17,145.09,64.75,0.62,3.69,16976763.0,2283374623.5,2
46,AMAT,Applied Materials Inc.,Information Technology,134.41,32.15,6.78,10.75,142.36,46.22,0.72,4.18,2005000.0,269492050.0,2
47,APTV,Aptiv PLC,Consumer Discretionary,141.84,21.28,2.94,4.85,160.14,52.44,0.0,6.66,270025.0,38300346.0,1
48,ADM,Archer-Daniels-Midland Co,Consumer Staples,58.67,18.63,0.51,1.63,59.12,33.01,2.53,3.15,556000.0,32620520.0,1
49,ANET,Arista Networks,Information Technology,314.84,39.4,10.37,7.22,326.6,192.96,0.0,7.99,76174.0,23982622.16,1
50,AJG,Arthur J. Gallagher & Co.,Financials,135.06,32.16,3.89,4.23,135.14,73.66,1.44,4.2,193700.0,26161122.0,1
51,AIZ,Assurant,Financials,150.07,21.46,0.9,1.46,150.79,83.89,1.77,6.99,62968.0,9449607.76,0
52,T,AT&T Inc.,Communication Services,29.75,0.0,1.24,1.31,33.24,26.35,7.0,-0.75,7620749.0,226717282.75,2
53,ATO,Atmos Energy,Utilities,101.32,19.69,4.54,1.8,111.34,84.59,2.5,5.15,125882.0,12754364.239999998,0
54,ADSK,Autodesk Inc.,Information Technology,298.86,54.94,17.31,67.97,321.13,147.26,0.0,5.44,219600.0,65629656.0,2
55,ADP,Automatic Data Processing,Information Technology,191.89,33.26,5.63,13.92,193.44,127.31,1.95,5.77,638800.0,122579332.0,2
56,AZO,AutoZone Inc,Consumer Discretionary,1467.44,18.55,2.41,0.0,1470.93,874.3,0.0,79.1,23697.0,34773925.68,1
57,AVB,AvalonBay Communities,Real Estate,188.46,31.97,11.43,2.44,195.46,131.38,3.41,5.89,139527.0,26295258.42,1
58,AVY,Avery Dennison Corp,Materials,198.45,30.02,2.36,11.11,199.71,98.84,1.27,6.61,124127.0,24633003.15,1
59,BKR,Baker Hughes Co,Energy,19.9,0.0,1.0,0.0,25.64,12.01,3.62,0.0,1035000.0,20596500.0,0
60,BLL,Ball Corp,Materials,90.55,51.45,2.52,9.06,102.76,59.79,0.67,1.76,679524.0,61530898.2,2
61,BAC,Bank of America Corp,Financials,38.74,20.72,4.5,1.35,39.97,20.1,1.81,1.87,8650814.0,335132534.36,2
62,BAX,Baxter International Inc.,Health Care,85.8,40.28,3.72,4.99,95.19,74.79,1.16,2.13,683495.0,58643871.0,2
63,BDX,Becton Dickinson,Health Care,257.85,49.06,4.11,3.04,284.97,219.5,1.33,5.26,364640.0,94022424.0,2
64,BRK-B,Berkshire Hathaway,Financials,0.0,0.0,0.0,0.0,0.0,0.0,0.0,0.0,1658.0,0.0,0
65,BBY,Best Buy Co. Inc.,Consumer Discretionary,119.3,17.44,0.63,6.68,124.89,61.61,2.33,6.84,257000.0,30660100.0,1
66,BIO,Bio-Rad Laboratories,Health Care,624.79,4.95,7.3,1.89,689.0,364.32,0.0,126.2,30149.0,18836793.71,0
67,BIIB,Biogen Inc.,Health Care,270.44,10.9,3.06,3.85,363.92,223.25,0.0,24.8,176200.0,47651528.0,1
68,BLK,BlackRock,Financials,817.84,25.68,7.7,3.54,827.84,440.0,2.06,31.85,172075.0,140729818.0,2
69,BA,Boeing Company,Industrials,251.11,0.0,2.52,0.0,278.57,113.89,0.0,-20.88,1012261.0,254188859.71,2
70,BKNG,Booking Holdings Inc,Consumer Discretionary,2433.21,1689.73,14.67,20.37,2469.58,1303.25,0.0,1.44,63406.0,154280113.26,2
71,BWA,BorgWarner,Consumer Discretionary,47.88,20.46,1.13,1.78,50.6,24.27,1.43,2.34,283576.0,13577618.88,0
72,BXP,Boston Properties,Real Estate,105.48,19.04,6.01,2.83,110.36,69.69,3.71,5.54,155798.0,16433573.04,0
73,BSX,Boston Scientific,Health Care,40.86,0.0,5.86,3.78,42.37,32.99,0.0,-0.08,1679912.0,68641204.32,2
74,BMY,Bristol-Myers Squibb,Health Care,64.44,0.0,3.39,3.82,67.16,54.07,3.08,-3.99,2900000.0,186876000.0,2
75,AVGO,Broadcom Inc.,Information Technology,480.0,55.51,7.94,8.17,495.14,246.8,3.02,8.65,407000.0,195360000.0,2
76,BR,Broadridge Financial Solutions,Information Technology,155.57,35.16,3.85,12.56,158.36,99.43,1.48,4.43,154400.0,24020008.0,1
77,BF-B,Brown-Forman Corp.,Consumer Staples,0.0,0.0,0.0,0.0,0.0,0.0,0.0,0.0,484532.0,0.0,0
78,CHRW,C. H. Robinson Worldwide,Industrials,100.76,27.09,0.82,7.2,106.75,68.46,2.07,3.72,179232.0,18059416.32,0
79,COG,Cabot Oil & Gas,Energy,16.83,33.66,4.78,3.03,22.67,15.76,2.36,0.5,477829.0,8041862.069999999,0
80,CDNS,Cadence Design Systems,Information Technology,147.59,69.95,15.35,16.51,149.08,68.82,0.0,2.11,329160.0,48580724.4,1
81,CZR,Caesars Entertainment,Consumer Discretionary,93.16,0.0,5.6,3.86,106.2,14.6,0.0,-13.52,208273.0,19402712.68,0
82,CPB,Campbell Soup,Consumer Staples,48.88,18.39,1.65,5.07,54.08,44.53,3.06,2.66,323000.0,15788240.0,0
83,COF,Capital One Financial,Financials,134.87,26.02,3.37,1.12,136.08,49.41,1.18,5.18,679933.0,91702563.71,2
84,CAH,Cardinal Health Inc.,Health Care,60.87,12.94,0.11,9.08,62.96,44.65,3.2,4.7,327000.0,19904490.0,0
85,KMX,Carmax Inc,Consumer Discretionary,129.19,28.58,1.05,4.83,136.54,56.05,0.0,4.52,163172.0,21080190.68,0
86,CCL,Carnival Corp.,Consumer Discretionary,27.32,0.0,39.14,1.56,30.12,10.95,0.0,-13.02,1216736.0,33241227.52,1
87,CARR,Carrier Global,Industrials,43.59,0.0,2.17,0.0,43.77,12.26,1.11,0.0,867829.0,37828666.11,1
88,CTLT,Catalent,Health Care,110.99,61.49,5.45,5.46,127.68,52.41,0.0,1.8,162800.0,18069172.0,0
89,CAT,Caterpillar Inc.,Industrials,232.52,42.59,3.04,8.27,237.78,100.22,1.77,5.46,814895.0,189479385.4,2
90,CBOE,Cboe Global Markets,Financials,103.5,22.72,3.24,3.68,107.12,77.63,1.65,4.55,125999.0,13040896.5,0
91,CBRE,CBRE Group,Real Estate,81.78,36.84,1.15,3.8,82.07,33.03,0.0,2.22,335561.0,27442178.58,1
92,CDW,CDW,Information Technology,180.82,33.18,1.38,19.78,181.04,93.75,0.9,5.45,141900.0,25658358.0,1
93,CE,Celanese,Materials,155.47,9.28,3.14,5.03,156.59,69.69,1.77,16.75,169403.0,26337084.41,1
94,CNC,Centene Corporation,Health Care,64.24,20.59,0.36,1.45,74.7,53.6,0.0,3.12,598249.0,38431515.76,1
95,CNP,CenterPoint Energy,Utilities,24.05,0.0,1.79,2.22,25.39,15.18,2.7,-1.79,551356.0,13260111.8,0
96,CERN,Cerner,Health Care,74.52,29.57,4.09,5.08,84.2,63.11,1.19,2.52,373225.0,27812727.0,1
97,CF,CF Industries Holdings Inc,Materials,47.37,32.22,2.46,3.47,51.24,23.05,2.54,1.47,214058.0,10139927.46,0
98,SCHW,Charles Schwab Corporation,Financials,65.5,30.9,10.56,2.55,68.21,31.63,1.07,2.12,2074189.0,135859379.5,2
99,CHTR,Charter Communications,Communication Services,636.0,41.3,2.85,5.18,681.71,449.83,0.0,15.4,193731.0,123212916.0,2
100,CVX,Chevron Corp.,Energy,103.42,0.0,2.11,1.51,112.7,65.16,5.05,-2.96,2442677.0,252621655.34,2
101,CMG,Chipotle Mexican Grill,Consumer Discretionary,1542.39,123.19,7.26,21.38,1564.91,674.55,0.0,12.52,36704.0,56611882.56,2
102,CB,Chubb Limited,Financials,162.1,20.81,2.02,1.23,179.01,93.1,1.95,7.79,477605.0,77419770.5,2
103,CHD,Church & Dwight,Consumer Staples,87.64,28.09,4.39,7.12,98.96,66.69,1.16,3.12,292855.0,25665812.2,1
104,CI,Cigna,Health Care,254.36,11.08,0.55,0.0,255.89,158.84,1.6,22.96,390276.0,99270603.36,2
105,CINF,Cincinnati Financial,Financials,106.5,14.22,2.28,1.59,108.99,46.07,2.38,7.49,198300.0,21118950.0,0
106,CTAS,Cintas Corporation,Industrials,351.86,38.51,5.36,9.68,369.2,185.35,0.86,9.14,186793.0,65724984.98,2
107,CSCO,Cisco Systems,Information Technology,51.64,21.61,4.54,5.57,52.94,35.28,2.88,2.39,4237000.0,218798680.0,2
108,C,Citigroup Inc.,Financials,72.54,15.37,2.59,0.84,76.13,38.76,2.8,4.72,3099764.0,224856880.56000003,2
109,CFG,Citizens Financial Group,Financials,44.68,20.13,3.59,0.92,47.56,17.15,3.43,2.22,569876.0,25462059.68,1
110,CTXS,Citrix Systems,Information Technology,138.83,34.71,5.27,151.73,173.56,111.26,1.07,4.0,321964.0,44698262.120000005,1
111,CME,CME Group Inc.,Financials,204.05,34.76,15.04,2.78,216.75,146.89,1.74,5.87,358113.0,73072957.65,2
112,CMS,CMS Energy,Utilities,63.4,24.02,2.75,3.33,67.98,52.35,2.8,2.64,288900.0,18316260.0,0
113,KO,Coca-Cola Company,Consumer Staples,53.33,29.79,6.96,11.89,54.93,43.2,3.17,1.79,7040129.0,375450079.57,2
114,CTSH,Cognizant Technology Solutions,Information Technology,79.77,31.04,2.54,3.9,82.73,47.39,1.21,2.57,530000.0,42278100.0,1
115,CL,Colgate-Palmolive,Consumer Staples,80.46,25.62,4.14,92.06,86.41,65.54,2.27,3.14,1465706.0,117930704.76,2
116,CMCSA,Comcast Corp.,Communication Services,54.14,23.75,2.39,2.75,58.59,34.17,1.88,2.28,5453447.0,295249620.58,2
117,CMA,Comerica Inc.,Financials,69.77,21.34,4.1,1.27,73.73,25.8,3.81,3.27,228165.0,15919072.05,0
118,CAG,Conagra Brands,Consumer Staples,37.58,15.47,1.54,2.19,39.34,30.12,2.95,2.43,584219.0,21954950.02,0
119,COP,ConocoPhillips,Energy,51.9,0.0,3.65,1.86,61.14,27.53,3.26,-2.51,1798844.0,93360003.6,2
120,ED,Consolidated Edison,Utilities,77.19,23.53,2.16,1.4,90.0,65.56,4.07,3.28,365508.0,28213562.52,1
121,STZ,Constellation Brands,Consumer Staples,234.6,22.93,5.26,2.95,242.62,149.01,1.33,10.23,216088.0,50694244.8,1
122,CPRT,Copart Inc,Industrials,121.68,41.23,12.58,9.77,130.96,65.68,0.0,2.95,235315.0,28633129.200000003,1
123,GLW,Corning Inc.,Information Technology,45.9,85.0,3.12,3.2,46.01,18.82,2.12,0.54,1726000.0,79223400.0,2
124,CTVA,Corteva,Materials,47.52,0.0,2.48,1.46,48.48,22.38,1.1,-1.28,743458.0,35329124.160000004,1
125,COST,Costco Wholesale Corp.,Consumer Staples,368.8,37.71,0.91,10.43,393.15,293.84,0.77,9.78,441255.0,162734844.0,2
126,CCI,Crown Castle,Real Estate,179.47,76.37,13.28,8.18,180.0,146.15,3.03,2.35,431000.0,77351570.0,2
127,CSX,CSX Corp.,Industrials,98.87,27.46,7.1,5.75,99.34,58.8,1.14,3.6,763000.0,75437810.0,2
128,CMI,Cummins Inc.,Industrials,261.96,21.81,1.94,4.8,277.09,140.93,2.07,12.01,222458.0,58275097.67999999,2
129,CVS,CVS Health,Health Care,75.78,13.87,0.37,1.43,77.23,55.36,2.66,5.46,1733000.0,131326740.0,2
130,DHI,D. R. Horton,Consumer Discretionary,93.05,12.58,1.52,2.71,94.05,36.47,0.86,7.4,394741.0,36730650.05,1
131,DHR,Danaher Corp.,Health Care,242.59,49.66,7.76,4.73,248.86,138.07,0.35,4.89,851300.0,206516867.0,2
132,DRI,Darden Restaurants,Consumer Discretionary,143.17,0.0,3.03,7.27,149.73,56.51,1.08,-1.7,129894.0,18596923.98,0
133,DVA,DaVita Inc.,Health Care,109.85,17.41,1.04,8.73,125.28,71.03,0.0,6.31,126410.0,13886138.5,0
134,DE,Deere & Co.,Industrials,382.14,34.96,3.24,8.51,392.42,117.85,0.94,10.93,536431.0,204991742.34,2
135,DAL,Delta Air Lines Inc.,Industrials,46.82,0.0,1.75,19.41,52.28,17.51,0.0,-19.49,647352.0,30309020.64,1
136,XRAY,Dentsply Sirona,Health Care,64.83,0.0,4.25,2.85,65.5,36.12,0.61,-0.38,264500.0,17147535.0,0
137,DVN,Devon Energy,Energy,22.37,0.0,3.34,2.96,26.13,7.73,2.8,-7.12,382000.0,8545340.0,0
138,DXCM,DexCom,Health Care,399.49,78.95,20.05,21.02,456.23,250.01,0.0,5.06,96900.0,38710581.0,1
139,FANG,Diamondback Energy,Energy,79.08,0.0,5.35,1.42,88.75,23.63,2.11,-28.59,158088.0,12501599.04,0
140,DLR,Digital Realty Trust Inc,Real Estate,147.24,147.24,10.76,2.46,165.49,124.65,3.23,1.0,280290.0,41269899.6,1
141,DFS,Discover Financial Services,Financials,102.0,28.36,5.25,3.18,104.49,31.09,1.74,3.6,567898.0,57925596.0,2
142,DISCA,"Discovery, Inc. (Series A)",Communication Services,37.82,26.65,1.61,2.37,78.14,18.56,0.0,1.42,718000.0,27154760.0,1
143,DISCK,"Discovery, Inc. (Series C)",Communication Services,32.74,23.07,1.61,2.05,66.7,16.8,0.0,1.42,718000.0,23507320.0,1
144,DISH,Dish Network,Communication Services,37.7,12.48,1.28,1.44,39.24,20.41,0.0,3.02,526156.0,19836081.200000003,0
145,DG,Dollar General,Consumer Discretionary,215.75,20.32,1.53,7.8,225.25,165.37,0.79,10.62,240785.0,51949363.75,1
146,DLTR,Dollar Tree,Consumer Discretionary,117.02,20.71,1.07,3.75,117.33,72.12,0.0,5.65,233383.0,27310478.66,1
147,D,Dominion Energy,Utilities,78.31,0.0,4.45,2.66,87.34,67.85,3.25,-0.57,806000.0,63117860.0,2
148,DPZ,Domino's Pizza,Consumer Discretionary,392.99,31.72,3.7,0.0,435.58,319.71,0.96,12.39,38868.0,15274735.32,0
149,DOV,Dover Corporation,Industrials,139.38,29.66,3.0,5.92,140.17,79.87,1.43,4.7,258982.0,36096911.16,1
150,DOW,Dow Inc.,Materials,64.57,39.37,1.25,3.86,67.27,29.62,4.36,1.64,755993.0,48814468.01,1
151,DTE,DTE Energy Co.,Utilities,139.48,19.71,2.22,2.18,139.56,92.39,3.13,7.08,193771.0,27027179.08,1
152,DUK,Duke Energy,Utilities,99.75,58.03,3.27,1.67,99.89,77.58,3.91,1.72,769000.0,76707750.0,2
153,DRE,Duke Realty Corp,Real Estate,44.26,54.98,16.47,3.2,44.3,28.8,2.26,0.81,373258.0,16520399.08,0
154,DD,DuPont de Nemours Inc,Materials,77.1,0.0,2.02,1.47,87.27,34.83,1.58,-4.02,734204.0,56607128.4,2
155,DXC,DXC Technology,Information Technology,31.96,0.0,0.45,1.44,32.45,13.21,0.0,-11.21,255674.0,8171341.04,0
156,EMN,Eastman Chemical,Materials,114.66,32.76,1.85,2.59,119.01,50.37,2.42,3.5,220692.0,25304544.72,1
157,ETN,Eaton Corporation,Industrials,140.8,40.34,3.14,3.75,141.37,70.54,2.17,3.49,398100.0,56052480.00000001,1
158,EBAY,eBay Inc.,Consumer Discretionary,64.36,8.16,4.26,12.36,64.85,31.56,1.13,7.89,1705000.0,109733800.0,2
159,ECL,Ecolab Inc.,Materials,219.9,0.0,5.34,10.19,231.36,158.13,0.88,-4.15,285700.0,62825430.0,2
160,EIX,Edison Int'l,Utilities,61.44,31.03,1.72,1.66,66.68,48.47,4.34,1.98,378907.0,23280046.08,1
161,EW,Edwards Lifesciences,Health Care,88.0,67.69,12.48,12.01,92.08,64.77,0.0,1.3,636400.0,56003200.0,1
162,EA,Electronic Arts,Communication Services,142.77,35.3,7.24,5.17,150.3,100.11,0.48,4.05,288000.0,41117760.0,1
163,EMR,Emerson Electric Company,Industrials,91.72,26.55,3.28,6.17,93.38,46.34,2.21,3.45,953400.0,87445848.0,2
164,ENPH,Enphase Energy,Information Technology,145.79,154.28,25.53,38.85,229.04,34.34,0.0,0.94,128962.0,18801369.98,0
165,ETR,Entergy Corp.,Utilities,105.59,15.3,2.1,1.94,113.36,85.78,3.65,6.9,270035.0,28512995.65,1
166,EOG,EOG Resources,Energy,72.83,0.0,4.28,2.09,77.15,31.22,2.23,-1.04,583695.0,42510506.85,1
167,EFX,Equifax Inc.,Industrials,188.35,44.42,5.59,7.24,196.47,115.68,0.84,4.24,188700.0,35541645.0,1
168,EQIX,Equinix,Real Estate,718.85,171.97,10.8,6.03,839.77,586.73,1.65,4.18,89462.0,64309758.7,2
169,EQR,Equity Residential,Real Estate,72.23,29.51,10.47,2.56,76.13,45.43,3.38,2.45,372302.0,26891373.46,1
170,ESS,"Essex Property Trust, Inc.",Real Estate,289.16,33.28,12.07,3.13,294.79,186.3,2.97,8.69,64999.0,18795110.84,0
171,EL,Est√©e Lauder Companies,Consumer Staples,305.13,120.75,7.8,20.41,310.05,156.31,0.7,2.53,587163.0,179161046.19,2
172,ETSY,Etsy,Consumer Discretionary,219.29,81.49,16.02,37.17,251.86,46.93,0.0,2.69,125836.0,27594576.44,1
173,RE,Everest Re Group Ltd.,Financials,262.8,20.56,1.1,1.08,263.27,157.32,2.39,12.78,69620.0,18296136.0,0
174,EVRG,Evergy,Utilities,62.16,22.85,2.87,1.61,65.43,48.61,3.5,2.72,226837.0,14100187.92,0
175,ES,Eversource Energy,Utilities,88.79,25.01,3.42,2.17,96.66,73.61,2.73,3.55,357818.0,31770660.220000003,1
176,EXC,Exelon Corp.,Utilities,45.77,22.77,1.35,1.37,46.02,33.97,3.37,2.01,978000.0,44763060.0,1
177,EXPE,Expedia Group,Consumer Discretionary,170.55,0.0,4.72,16.22,187.93,54.42,0.0,-19.0,267087.0,45551687.85,1
178,EXPD,Expeditors,Industrials,111.1,27.3,1.85,7.07,111.27,67.56,0.95,4.07,169294.0,18808563.4,0
179,EXR,Extra Space Storage,Real Estate,142.18,38.32,13.79,7.33,142.22,80.86,2.88,3.71,131358.0,18676480.44,0
180,XOM,Exxon Mobil Corp.,Energy,56.98,0.0,1.34,1.53,62.55,31.11,6.25,-5.25,8019000.0,456922620.0,2
181,FFIV,F5 Networks,Information Technology,209.57,43.6,5.37,5.38,215.91,115.15,0.0,4.81,61099.0,12804517.43,0
182,FB,"Facebook, Inc.",Communication Services,307.82,30.51,10.17,6.84,310.14,166.01,0.0,10.09,2849000.0,876979180.0,2
183,FAST,Fastenal Co,Industrials,50.39,33.37,5.08,10.39,51.89,31.64,2.24,1.51,574160.0,28931922.4,1
184,FRT,Federal Realty Investment Trust,Real Estate,105.55,65.15,9.91,3.51,110.66,64.11,4.07,1.62,76727.0,8098534.85,0
185,FDX,FedEx Corporation,Industrials,291.2,25.64,0.98,3.52,305.66,103.4,0.9,11.36,318000.0,92601600.0,2
186,FIS,Fidelity National Information Services,Information Technology,152.76,611.04,7.57,1.92,156.73,117.05,1.04,0.25,621000.0,94863960.0,2
187,FITB,Fifth Third Bancorp,Financials,38.03,20.78,4.13,1.29,40.46,14.47,2.8,1.83,923893.0,35135650.79,1
188,FRC,First Republic Bank,Financials,176.83,27.62,7.6,2.89,180.35,89.03,0.51,6.4,174124.0,30790346.92,1
189,FE,FirstEnergy Corp,Utilities,35.52,17.85,1.82,2.67,46.36,22.85,4.44,1.99,543118.0,19291551.360000003,0
190,FISV,Fiserv Inc,Information Technology,125.53,89.66,5.63,2.6,126.29,91.4,0.0,1.4,789600.0,99118488.0,2
191,FLT,FleetCor Technologies Inc,Information Technology,291.23,35.87,10.17,7.26,293.49,203.18,0.0,8.12,126448.0,36825451.04,1
192,FLIR,FLIR Systems,Information Technology,58.42,36.51,3.99,4.07,58.47,32.76,1.17,1.6,131360.0,7674051.2,0
193,FMC,FMC Corporation,Materials,112.47,26.63,3.14,4.91,123.66,78.98,1.73,4.22,185984.0,20917620.48,0
194,F,Ford Motor Company,Consumer Discretionary,12.24,0.0,0.38,1.59,13.62,4.52,0.0,-0.32,4096000.0,50135040.0,1
195,FTNT,Fortinet,Information Technology,205.54,70.63,12.93,39.02,206.14,99.61,0.0,2.91,162500.0,33400250.0,1
196,FTV,Fortive Corp,Industrials,72.21,16.07,5.27,2.72,74.25,43.9,0.38,4.49,339000.0,24479190.0,1
197,FBHS,Fortune Brands Home & Security,Industrials,101.3,25.71,2.3,5.06,101.63,41.44,1.04,3.94,184066.0,18645885.8,0
198,FOXA,Fox Corporation (Class A),Communication Services,37.88,14.99,1.74,2.05,44.8,23.57,1.23,2.53,604687.0,22905543.56,0
199,FOX,Fox Corporation (Class B),Communication Services,36.77,14.55,1.74,1.99,42.14,23.36,1.27,2.53,604687.0,22234340.99,0
200,BEN,Franklin Resources,Financials,30.29,19.44,2.48,1.47,30.55,14.91,3.76,1.56,495117.0,14997093.93,0
201,FCX,Freeport-McMoRan Inc.,Materials,37.83,92.27,3.89,5.42,39.1,7.3,0.83,0.41,1590000.0,60149700.0,2
202,GPS,Gap Inc.,Consumer Discretionary,32.97,0.0,0.9,4.72,33.19,6.54,3.01,-1.78,374000.0,12330780.0,0
203,GRMN,Garmin Ltd.,Consumer Discretionary,138.55,26.8,6.34,4.81,138.6,73.63,1.93,5.17,191571.0,26542162.05,1
204,IT,Gartner Inc,Information Technology,190.6,64.39,4.13,15.53,191.66,97.56,0.0,2.96,163602.0,31182541.2,1
205,GNRC,Generac Holdings,Industrials,327.05,59.68,8.27,14.78,364.0,89.23,0.0,5.48,72024.0,23555449.2,1
206,GD,General Dynamics,Industrials,183.93,16.72,0.0,0.0,184.37,121.67,0.0,0.0,481881.0,88632372.33,2
207,GE,General Electric,Industrials,13.55,23.52,1.5,3.34,14.42,5.48,0.3,0.58,8765493.0,118772430.15,2
208,GIS,General Mills,Consumer Staples,60.55,14.7,1.98,4.17,66.14,53.96,3.37,4.12,754600.0,45691030.0,1
209,GM,General Motors,Consumer Discretionary,58.61,13.54,0.69,1.82,62.24,20.12,0.0,4.33,1400000.0,82054000.0,2
210,GPC,Genuine Parts,Consumer Discretionary,118.45,0.0,1.03,5.34,118.84,67.12,2.77,-0.2,144354.0,17098731.3,0
211,GILD,Gilead Sciences,Health Care,65.77,671.12,3.35,4.53,85.79,56.56,4.35,0.1,1254000.0,82475580.0,2
212,GPN,Global Payments Inc.,Information Technology,217.64,111.61,8.65,2.38,219.14,137.99,0.37,1.95,298332.0,64928976.48,2
213,GL,Globe Life Inc.,Financials,102.1,14.95,2.5,1.51,102.25,62.75,0.78,6.83,113218.0,11559557.8,0
214,GS,Goldman Sachs Group,Financials,338.55,8.41,2.24,1.23,356.85,162.45,1.49,40.26,901692.0,305267826.6,2
215,GWW,Grainger (W.W.) Inc.,Industrials,404.45,31.55,1.79,11.62,427.9,253.26,1.53,12.82,109659.0,44351582.55,1
216,HAL,Halliburton Co.,Energy,21.08,0.0,1.3,3.75,24.74,6.53,0.87,-3.34,1066000.0,22471280.0,0
217,HBI,Hanesbrands Inc,Consumer Discretionary,20.04,0.0,1.05,8.59,21.24,7.71,2.99,-0.21,348802.0,6989992.08,0
218,HIG,Hartford Financial Svc.Gp.,Financials,66.89,14.05,1.17,1.32,69.6,30.27,2.12,4.76,384923.0,25747499.47,1
219,HAS,Hasbro Inc.,Consumer Discretionary,99.01,61.12,2.49,4.69,101.24,60.2,2.72,1.62,220287.0,21810615.87,0
220,HCA,HCA Healthcare,Health Care,193.49,17.7,1.27,114.83,194.28,91.21,1.02,10.93,339426.0,65675536.74,2
221,PEAK,Healthpeak Properties,Real Estate,33.15,0.0,10.86,0.0,33.17,20.56,3.63,0.0,538405.0,17848125.75,0
222,HSIC,Henry Schein,Health Care,70.9,25.17,1.0,3.02,74.89,46.98,0.0,2.82,142463.0,10100626.7,0
223,HES,Hess Corporation,Energy,70.57,0.0,4.77,4.01,76.24,32.41,1.38,-10.15,306980.0,21663578.6,0
224,HPE,Hewlett Packard Enterprise,Information Technology,15.84,0.0,0.77,1.27,16.14,8.28,3.04,-0.33,1287000.0,20386080.0,0
225,HLT,Hilton Worldwide Holdings Inc,Consumer Discretionary,127.28,0.0,22.16,0.0,128.92,62.47,0.0,-2.58,330511.0,42067440.08,1
226,HFC,HollyFrontier Corp,Energy,35.41,0.0,0.51,1.1,42.39,16.81,4.04,-3.72,256046.0,9066588.86,0
227,HOLX,Hologic,Health Care,75.99,14.43,4.32,5.99,85.0,37.26,0.0,5.26,295107.0,22425180.93,0
228,HD,Home Depot,Consumer Discretionary,322.74,27.03,2.63,105.37,323.4,191.54,2.06,11.94,1789000.0,577381860.0,2
229,HON,Honeywell Int'l Inc.,Industrials,229.84,34.2,4.89,9.13,230.71,117.11,1.62,6.72,957600.0,220094784.0,2
230,HRL,Hormel Foods Corp.,Consumer Staples,46.38,28.63,2.59,3.82,52.97,43.45,2.1,1.62,539887.0,25039959.06,1
231,HST,Host Hotels & Resorts,Real Estate,17.56,0.0,7.79,1.96,18.45,9.06,0.0,-1.04,705400.0,12386824.0,0
232,HWM,Howmet Aerospace,Industrials,32.35,0.0,2.67,0.0,32.96,9.87,0.0,0.0,432906.0,14004509.1,0
233,HPQ,HP Inc.,Information Technology,33.62,14.29,0.73,0.0,33.81,13.39,2.33,2.35,1304000.0,43840480.0,1
234,HUM,Humana Inc.,Health Care,433.94,17.15,0.73,4.07,474.7,318.06,0.66,25.31,198649.0,86201747.06,2
235,HBAN,Huntington Bancshares,Financials,16.1,23.33,4.37,1.52,16.91,6.99,3.67,0.69,1022259.0,16458369.900000002,0
236,HII,Huntington Ingalls Industries,Industrials,208.35,12.16,0.9,4.44,209.96,136.44,2.19,17.14,53300.0,11105055.0,0
237,IEX,IDEX Corporation,Industrials,218.05,44.14,7.04,6.52,218.35,141.86,0.92,4.94,90072.0,19640199.6,0
238,IDXX,Idexx Laboratories,Health Care,528.46,78.76,16.72,71.44,573.99,244.98,0.0,6.71,106457.0,56258266.220000006,2
239,INFO,IHS Markit,Industrials,103.16,77.33,10.1,4.73,103.42,62.2,0.78,1.33,480400.0,49558064.0,1
240,ITW,Illinois Tool Works,Industrials,221.25,33.37,5.57,22.03,228.77,148.27,2.06,6.63,550000.0,121687500.0,2
241,ILMN,Illumina Inc,Health Care,401.96,90.33,18.11,12.5,555.77,260.42,0.0,4.45,195000.0,78382200.0,2
242,INCY,Incyte,Health Care,83.2,0.0,6.86,6.99,110.37,75.52,0.0,-1.36,219489.0,18261484.8,0
243,IR,Ingersoll Rand,Industrials,49.34,0.0,4.21,2.26,51.61,23.21,0.0,-0.09,420124.0,20728918.16,0
244,INTC,Intel Corp.,Information Technology,65.02,13.16,3.4,3.26,67.44,43.61,2.17,4.94,4062000.0,264111240.0,2
245,ICE,Intercontinental Exchange,Financials,119.86,31.79,11.17,3.45,119.88,82.11,1.12,3.77,629000.0,75391940.0,2
246,IBM,International Business Machines,Information Technology,132.58,21.27,1.61,5.75,137.07,105.92,4.97,6.23,2242969.0,297372830.02000004,2
247,IFF,International Flavors & Fragrances,Materials,141.89,44.2,6.94,2.4,143.09,99.54,2.19,3.21,128526.0,18236554.14,0
248,IP,International Paper,Materials,56.67,46.45,1.08,2.84,57.0,29.76,3.68,1.22,448900.0,25439163.0,1
249,IPG,Interpublic Group,Communication Services,30.43,34.19,1.47,4.11,30.83,13.91,3.61,0.89,390900.0,11895087.0,0
250,INTU,Intuit Inc.,Information Technology,417.56,63.72,14.82,12.9,423.74,239.02,0.57,6.55,261740.0,109292154.4,2
251,ISRG,Intuitive Surgical Inc.,Health Care,804.72,91.24,21.86,9.73,826.81,485.89,0.0,8.82,117700.0,94715544.0,2
252,IVZ,Invesco Ltd.,Financials,26.83,23.74,2.01,1.19,26.88,6.38,2.37,1.13,566100.0,15188462.999999998,0
253,IPGP,IPG Photonics Corp.,Information Technology,229.51,77.28,10.25,4.73,262.55,111.41,0.0,2.97,55461.0,12728854.11,0
254,IQV,IQVIA Holdings Inc.,Health Care,214.13,149.74,3.62,6.82,217.63,116.91,0.0,1.43,254700.0,54538911.0,1
255,IRM,Iron Mountain Incorporated,Real Estate,38.15,32.09,2.66,9.68,41.32,21.54,6.51,1.19,288273.0,10997614.95,0
256,JBHT,J. B. Hunt Transport Services,Industrials,169.77,35.82,1.86,6.9,171.57,94.38,0.66,4.74,167099.0,28368397.23,1
257,JKHY,Jack Henry & Associates,Information Technology,156.4,40.22,6.94,7.7,200.98,141.65,1.2,3.89,103623.0,16206637.2,0
258,J,Jacobs Engineering Group,Industrials,133.91,0.0,1.28,0.0,134.04,69.17,0.64,0.0,129748.0,17374554.68,0
259,SJM,JM Smucker,Consumer Staples,130.79,15.56,1.73,1.75,132.38,101.89,2.79,8.41,146498.0,19160473.42,0
260,JNJ,Johnson & Johnson,Health Care,160.39,29.11,5.11,6.67,173.65,133.65,2.53,5.51,3119843.0,500391618.77,2
261,JCI,Johnson Controls International,Industrials,62.14,50.03,2.02,2.53,62.4,26.23,1.76,1.24,814772.0,50629932.08,1
262,JPM,JPMorgan Chase & Co.,Financials,152.17,11.63,3.89,1.94,161.69,82.4,2.38,13.09,4104934.0,624647806.78,2
263,JNPR,Juniper Networks,Information Technology,25.62,33.27,1.89,1.85,27.83,19.51,3.13,0.77,327700.0,8395674.0,0
264,KSU,Kansas City Southern,Industrials,258.64,39.55,8.93,5.81,267.61,122.35,0.83,6.54,123352.0,31903761.28,1
265,K,Kellogg Co.,Consumer Staples,62.97,17.35,1.56,6.96,72.88,56.61,3.71,3.63,420962.0,26507977.14,1
266,KEY,KeyCorp,Financials,20.6,16.17,3.49,1.25,21.81,9.05,3.56,1.27,1256702.0,25888061.200000003,1
267,KEYS,Keysight Technologies,Information Technology,145.27,43.12,6.27,8.09,155.5,88.3,0.0,3.37,196000.0,28472920.000000004,1
268,KMB,Kimberly-Clark,Consumer Staples,138.93,20.22,2.45,75.18,160.16,128.02,3.35,6.87,378600.0,52598898.0,1
269,KIM,Kimco Realty,Real Estate,19.93,8.85,8.17,1.54,19.93,8.03,3.64,2.25,432519.0,8620103.67,0
270,KMI,Kinder Morgan,Energy,16.72,355.74,3.24,1.2,17.97,11.45,6.31,0.05,2264257.0,37858377.04,1
271,KLAC,KLA Corporation,Information Technology,338.54,38.72,8.59,17.78,347.79,146.52,1.07,8.74,277526.0,93953652.04,2
272,KHC,Kraft Heinz Co,Consumer Staples,41.05,141.55,1.92,1.0,41.21,26.04,3.97,0.29,1228000.0,50409400.0,1
273,KR,Kroger Co.,Consumer Staples,37.19,11.37,0.21,2.94,42.99,30.01,1.93,3.27,1918000.0,71330420.0,2
274,LB,L Brands Inc.,Consumer Discretionary,66.78,22.26,1.57,0.0,67.77,8.8,0.0,3.0,286000.0,19099080.0,0
275,LHX,L3Harris Technologies,Industrials,210.76,28.67,2.38,2.04,211.93,158.09,1.95,7.35,208230.0,43886554.8,1
276,LH,Laboratory Corp. of America Holding,Health Care,259.41,16.34,1.81,2.7,260.57,130.21,0.0,15.88,97500.0,25292475.000000004,1
277,LRCX,Lam Research,Information Technology,649.5,32.26,7.78,16.9,651.78,229.69,0.81,20.14,290763.0,188850568.5,2
278,LW,Lamb Weston Holdings Inc,Consumer Staples,78.73,46.04,3.28,25.5,86.41,51.72,1.21,1.71,146994.0,11572837.62,0
279,LVS,Las Vegas Sands,Consumer Discretionary,61.29,0.0,12.96,15.75,66.77,40.31,0.0,-2.21,833000.0,51054570.0,1
280,LEG,Leggett & Platt,Consumer Discretionary,48.38,26.58,1.51,4.62,50.0,24.01,3.34,1.82,198800.0,9617944.0,0
281,LDOS,Leidos Holdings,Industrials,101.12,23.19,1.16,3.72,113.75,79.15,1.36,4.36,142000.0,14359040.0,0
282,LEN,Lennar Corp.,Consumer Discretionary,102.92,10.52,1.35,1.71,104.59,38.51,0.97,9.78,338386.0,34826687.12,1
283,LLY,Lilly (Eli) & Co.,Health Care,185.92,27.38,7.27,29.88,218.0,129.21,1.86,6.79,957077.0,177939755.83999997,2
284,LNC,Lincoln National,Financials,64.19,25.07,0.71,0.54,67.37,26.97,2.61,2.56,192330.0,12345662.7,0
285,LIN,Linde plc,Materials,287.97,61.17,5.53,3.18,288.8,172.76,1.49,4.71,552013.0,158963183.61,2
286,LYV,Live Nation Entertainment,Communication Services,80.25,0.0,9.4,0.0,94.63,35.25,0.0,-8.12,218423.0,17528445.75,0
287,LKQ,LKQ Corporation,Consumer Discretionary,44.31,21.2,1.15,2.38,44.88,19.43,0.0,2.09,320868.0,14217661.08,0
288,LMT,Lockheed Martin Corp.,Industrials,390.63,16.07,1.66,18.12,417.62,319.81,2.68,24.3,280000.0,109376400.0,2
289,L,Loews Corp.,Financials,54.03,0.0,1.14,0.81,54.16,27.33,0.46,-3.32,269361.0,14553574.83,0
290,LOW,Lowe's Cos.,Consumer Discretionary,204.57,26.4,1.64,104.05,205.07,90.59,1.19,7.75,731000.0,149540670.0,2
291,LUMN,Lumen Technologies,Communication Services,12.65,0.0,0.67,0.0,16.6,8.51,7.85,0.0,1096921.0,13876050.65,0
292,LYB,LyondellBasell,Materials,107.1,25.24,1.29,4.49,112.73,44.33,3.93,4.24,340046.0,36418926.6,1
293,MTB,M&T Bank,Financials,153.89,15.49,3.84,1.32,164.72,85.09,2.83,9.94,159742.0,24582696.38,1
294,MRO,Marathon Oil Corp.,Energy,10.84,0.0,2.74,0.81,13.29,3.6,1.08,-1.83,937000.0,10157080.0,0
295,MPC,Marathon Petroleum,Energy,53.87,0.0,0.5,1.58,59.93,21.9,4.31,-15.14,980000.0,52792600.0,1
296,MKTX,MarketAxess,Financials,539.15,68.68,30.0,21.45,606.45,376.78,0.49,7.85,40851.0,22024816.65,0
297,MAR,Marriott International,Consumer Discretionary,149.18,0.0,22.92,112.5,159.98,71.52,0.0,-0.82,324400.0,48393992.0,1
298,MMC,Marsh & McLennan,Financials,126.96,32.22,3.78,7.08,127.13,87.3,1.48,3.94,560642.0,71179108.32,2
299,MLM,Martin Marietta Materials,Materials,347.94,30.15,4.9,3.68,353.56,151.94,0.66,11.54,62300.0,21676662.0,0
300,MAS,Masco Corp.,Industrials,63.21,13.74,2.23,83.72,63.31,36.91,1.5,4.6,258200.0,16320822.0,0
301,MA,Mastercard Inc.,Information Technology,386.49,60.67,25.09,60.17,389.5,244.1,0.47,6.37,1404455.0,542807812.95,2
302,MXIM,Maxim Integrated Products,Information Technology,95.54,35.62,10.87,13.3,98.44,50.04,0.0,2.68,266797.0,25489785.380000003,1
303,MKC,McCormick & Co.,Consumer Staples,88.48,31.17,4.02,5.69,105.54,72.79,1.55,2.84,266900.0,23615312.0,1
304,MCD,McDonald's Corp.,Consumer Discretionary,231.28,36.65,9.02,0.0,231.91,167.85,2.24,6.31,1660600.0,384063568.0,2
305,MCK,McKesson Corp.,Health Care,191.37,0.0,0.13,0.0,198.43,125.65,0.88,-25.42,272000.0,52052640.0,1
306,MDT,Medtronic plc,Health Care,125.85,55.71,6.08,3.34,126.13,87.68,1.87,2.26,1341075.0,168774288.75,2
307,MRK,Merck & Co.,Health Care,76.66,27.58,4.04,7.66,87.8,71.72,3.4,2.78,3577104.0,274220792.64,2
308,MET,MetLife Inc.,Financials,62.3,10.97,0.81,0.75,62.92,29.18,2.93,5.68,1181614.0,73614552.2,2
309,MTD,Mettler Toledo,Health Care,1261.96,50.66,9.54,104.79,1271.67,661.32,0.0,24.91,44786.0,56518140.56,2
310,MGM,MGM Resorts International,Consumer Discretionary,39.69,0.0,4.0,3.02,42.04,11.77,0.02,-2.02,494318.0,19619481.42,0
311,MCHP,Microchip Technology,Information Technology,160.42,127.52,8.15,8.15,166.67,72.49,1.0,1.26,258391.0,41451084.22,1
312,MU,Micron Technology,Information Technology,90.27,32.1,4.31,2.49,95.75,41.19,0.0,2.81,1194000.0,107782380.0,2
313,MSFT,Microsoft Corp.,Information Technology,259.5,38.69,12.77,15.04,259.92,162.3,0.88,6.71,7571000.0,1964674500.0,2
314,MAA,Mid-America Apartments,Real Estate,149.54,68.13,10.2,2.91,149.61,102.23,2.78,2.19,114374.0,17103487.96,0
315,MHK,Mohawk Industries,Consumer Discretionary,201.67,4.04,1.47,1.66,203.29,67.79,0.0,49.9,77624.0,15654432.079999998,0
316,TAP,Molson Coors Beverage Company,Consumer Staples,52.94,0.0,1.19,0.93,56.1,32.11,0.0,-4.38,226181.0,11974022.14,0
317,MDLZ,Mondelez International,Consumer Staples,58.71,23.77,3.1,3.02,60.23,48.77,2.16,2.47,1996538.0,117216745.98,2
318,MPWR,Monolithic Power Systems,Information Technology,381.57,109.02,20.61,17.87,406.75,164.25,0.65,3.5,45267.0,17272529.19,0
319,MNST,Monster Beverage,Consumer Staples,95.95,36.34,11.02,9.82,96.2,57.93,0.0,2.64,638662.0,61279618.9,2
320,MCO,Moody's Corp,Financials,318.51,33.92,11.1,37.98,319.62,225.32,0.79,9.39,342902.0,109217716.02,2
321,MS,Morgan Stanley,Financials,80.82,12.51,3.14,1.58,86.64,35.53,1.73,6.46,2038894.0,164783413.07999998,2
322,MSI,Motorola Solutions Inc.,Information Technology,188.17,34.53,4.3,0.0,190.62,124.36,1.52,5.45,170200.0,32026534.0,1
323,MSCI,MSCI Inc,Financials,469.65,65.96,22.92,0.0,470.55,286.05,0.68,7.12,132829.0,62383139.85,2
324,NDAQ,"Nasdaq, Inc.",Financials,160.05,28.63,4.69,4.1,161.04,100.22,1.24,5.59,171279.0,27413203.950000003,1
325,NTAP,NetApp,Information Technology,76.69,29.06,3.05,35.74,77.66,38.89,2.51,2.64,219000.0,16795110.0,0
326,NFLX,Netflix Inc.,Communication Services,549.22,90.33,9.73,21.98,593.29,363.03,0.0,6.08,442895.0,243246791.9,2
327,NWL,Newell Brands,Consumer Discretionary,26.62,0.0,1.21,2.92,27.06,11.05,3.48,-1.82,448400.0,11936408.0,0
328,NEM,Newmont Corporation,Materials,64.78,18.45,4.51,2.25,72.22,49.36,3.56,3.51,804000.0,52083120.0,1
329,NWSA,News Corp (Class A),Communication Services,26.61,0.0,1.76,1.93,27.68,8.26,0.76,-1.46,694352.0,18476706.72,0
330,NWS,News Corp (Class B),Communication Services,24.8,0.0,1.76,1.8,25.64,8.55,0.81,-1.46,694352.0,17219929.6,0
331,NEE,NextEra Energy,Utilities,80.18,54.18,8.74,4.3,87.69,55.65,1.95,1.48,1960000.0,157152800.0,2
332,NLSN,Nielsen Holdings,Industrials,25.58,0.0,1.46,4.46,26.74,11.62,0.95,-0.02,357678.0,9149403.24,0
333,NKE,"Nike, Inc.",Consumer Discretionary,133.67,62.49,5.48,17.7,147.95,83.61,0.83,2.14,1558000.0,208257860.0,2
334,NI,NiSource Inc.,Utilities,25.58,0.0,2.14,2.06,27.24,21.09,3.48,-0.19,391760.0,10021220.8,0
335,NSC,Norfolk Southern Corp.,Industrials,272.14,34.73,7.54,4.64,274.46,147.37,1.46,7.84,272416.0,74135290.24,2
336,NTRS,Northern Trust Corp.,Financials,108.53,19.88,3.78,2.09,109.91,67.43,2.54,5.46,245172.0,26608517.16,1
337,NOC,Northrop Grumman,Industrials,344.59,18.11,1.51,5.43,357.12,282.88,1.7,19.03,166717.0,57449011.03,2
338,NLOK,NortonLifeLock,Information Technology,21.46,0.0,5.01,0.0,24.4,17.98,2.37,0.0,589000.0,12639940.0,0
339,NCLH,Norwegian Cruise Line Holdings,Consumer Discretionary,28.28,0.0,8.14,2.05,34.49,9.24,0.0,-15.75,315636.0,8926186.08,0
340,NOV,NOV Inc.,Energy,13.44,0.0,0.86,1.0,17.5,7.7,0.0,-6.62,388255.0,5218147.2,0
341,NRG,NRG Energy,Utilities,38.43,18.57,1.03,5.59,44.08,27.2,3.4,2.07,423058.0,16258118.94,0
342,NUE,Nucor Corp.,Materials,78.9,33.36,1.17,2.21,82.76,34.72,2.05,2.37,380154.0,29994150.6,1
343,NVDA,Nvidia Corporation,Information Technology,645.49,93.55,24.0,23.69,648.57,257.0,0.1,6.9,965000.0,622897850.0,2
344,NVR,"NVR, Inc.",Consumer Discretionary,4844.22,21.05,2.35,5.77,4890.71,2660.0,0.0,230.11,20555.0,99572942.1,2
345,NXPI,NXP Semiconductors,Information Technology,201.77,1120.94,6.46,6.33,209.59,80.46,1.11,0.18,289520.0,58416450.400000006,2
346,ORLY,O'Reilly Automotive,Consumer Discretionary,521.99,22.18,3.14,264.7,525.31,329.19,0.0,23.53,71123.0,37125494.77,1
347,OXY,Occidental Petroleum,Energy,24.86,0.0,1.3,2.63,32.52,8.52,0.16,-17.06,1080565.0,26862845.9,1
348,ODFL,Old Dominion Freight Line,Industrials,250.09,44.03,7.28,8.8,251.37,123.5,0.32,5.68,117058.0,29275035.22,1
349,OMC,Omnicom Group,Communication Services,79.44,18.18,1.3,5.54,80.81,44.5,3.56,4.37,297200.0,23609568.0,1
350,OKE,Oneok,Energy,52.39,36.92,2.73,3.86,52.52,23.28,7.26,1.42,474916.0,24880849.24,1
351,ORCL,Oracle Corp.,Information Technology,78.29,18.73,5.69,25.47,78.55,50.71,1.67,4.18,3067000.0,240115430.00000003,2
352,OTIS,Otis Worldwide,Industrials,70.97,0.0,2.39,0.0,71.24,41.26,1.12,0.0,433400.0,30758398.0,1
353,PCAR,Paccar,Industrials,95.03,25.41,1.76,3.17,103.19,64.25,1.37,3.74,346600.0,32937398.0,1
354,PKG,Packaging Corporation of America,Materials,139.55,28.83,1.99,4.05,148.14,83.14,2.91,4.84,94800.0,13229340.000000002,0
355,PH,Parker-Hannifin,Industrials,318.34,28.9,3.04,5.78,321.74,123.32,1.11,11.02,181046.0,57634183.63999999,2
356,PAYX,Paychex Inc.,Information Technology,96.31,32.98,8.8,11.66,101.01,60.0,2.56,2.92,358800.0,34556028.0,1
357,PAYC,Paycom,Information Technology,398.18,161.86,28.48,35.07,471.08,185.24,0.0,2.46,61861.0,24631812.98,1
358,PYPL,PayPal,Information Technology,274.0,77.4,15.0,16.04,309.14,99.9,0.0,3.54,1289000.0,353186000.0,2
359,PENN,Penn National Gaming,Consumer Discretionary,100.72,0.0,4.4,5.94,142.0,10.78,0.0,-5.0,157868.0,15900464.96,0
360,PNR,Pentair plc,Industrials,63.03,29.47,3.47,4.97,63.35,29.14,1.28,2.14,166064.0,10467013.92,0
361,PBCT,People's United Financial,Financials,17.91,36.63,4.01,1.02,19.4,9.74,3.99,0.49,533700.0,9558567.0,0
362,PEP,PepsiCo Inc.,Consumer Staples,142.31,27.79,2.79,14.6,148.77,126.53,2.88,5.12,1867000.0,265692770.0,2
363,PKI,PerkinElmer,Health Care,134.63,20.72,3.99,4.04,162.7,74.84,0.21,6.5,112090.0,15090676.7,0
364,PRGO,Perrigo,Health Care,41.17,0.0,1.09,0.97,58.83,38.2,2.39,-1.2,133100.0,5479727.0,0
365,PFE,Pfizer Inc.,Health Care,37.6,22.03,5.0,3.31,43.08,29.99,4.2,1.71,9407000.0,353703200.0,2
366,PM,Philip Morris International,Consumer Staples,91.83,17.8,4.99,0.0,92.53,66.85,5.27,5.16,2109316.0,193698488.28,2
367,PSX,Phillips 66,Energy,79.02,0.0,0.54,1.82,90.59,43.27,4.64,-9.06,648643.0,51255769.86,1
368,PNW,Pinnacle West Capital,Utilities,84.47,0.0,2.65,1.69,91.88,69.29,3.98,4.87,112760.0,9524837.2,0
369,PXD,Pioneer Natural Resources,Energy,152.22,0.0,4.7,2.16,169.49,67.0,1.46,-1.21,175525.0,26718415.5,1
370,PNC,PNC Financial Services,Financials,174.79,10.3,5.4,1.47,184.33,89.13,2.56,16.97,543000.0,94910970.0,2
371,POOL,Pool Corporation,Consumer Discretionary,374.43,41.74,3.82,23.56,401.29,183.02,0.63,8.97,40232.0,15064067.76,0
372,PPG,PPG Industries,Materials,153.97,34.58,2.64,6.41,156.57,81.43,1.43,4.45,581146.0,89479049.62,2
373,PPL,PPL Corp.,Utilities,28.99,15.18,2.93,1.67,30.94,23.71,5.78,1.91,768907.0,22290613.93,0
374,PFG,Principal Financial Group,Financials,63.15,12.5,1.17,1.04,63.45,28.11,3.55,5.05,481900.0,30431985.0,1
375,PG,Procter & Gamble,Consumer Staples,137.24,25.93,4.57,7.15,146.92,111.25,2.57,5.29,4009200.0,550222608.0,2
376,PGR,Progressive Corp.,Financials,100.4,10.39,1.38,3.55,102.05,71.25,0.41,9.66,797500.0,80069000.0,2
377,PLD,Prologis,Real Estate,112.36,55.96,17.55,2.6,112.48,80.12,2.3,2.01,739381.0,83076849.16,2
378,PRU,Prudential Financial,Financials,97.3,0.0,0.67,0.57,97.95,48.52,4.73,-1.0,666305.0,64831476.5,2
379,PEG,Public Service Enterprise Group (PSEG),Utilities,62.4,16.6,3.28,1.97,62.94,43.87,3.25,3.76,534000.0,33321600.0,1
380,PSA,Public Storage,Real Estate,267.75,42.57,15.62,9.81,268.12,172.11,3.03,6.29,174582.0,46744330.5,1
381,PHM,PulteGroup,Consumer Discretionary,53.45,10.33,1.28,2.17,54.1,22.4,1.05,5.18,266464.0,14242500.8,0
382,PVH,PVH Corp.,Consumer Discretionary,107.19,0.0,1.07,1.61,110.89,36.34,0.0,-15.96,86293.0,9249746.67,0
383,QRVO,Qorvo,Information Technology,192.84,46.39,5.86,4.85,194.28,80.8,0.0,4.16,114625.0,22104285.0,0
384,QCOM,Qualcomm,Information Technology,137.84,23.56,5.87,21.22,167.94,70.0,2.02,5.85,1131000.0,155897040.0,2
385,PWR,Quanta Services Inc.,Industrials,95.28,31.04,1.18,3.03,95.32,28.71,0.26,3.07,162711.0,15503104.08,0
386,DGX,Quest Diagnostics,Health Care,129.15,12.34,1.8,2.54,134.71,81.12,1.95,10.47,217000.0,28025550.0,1
387,RL,Ralph Lauren Corporation,Consumer Discretionary,125.98,0.0,2.1,3.42,129.75,62.37,0.0,-4.03,129781.0,16349810.38,0
388,RJF,Raymond James Financial,Financials,130.0,21.09,2.25,2.43,130.57,56.56,1.21,6.16,159007.0,20670910.0,0
389,RTX,Raytheon Technologies,Industrials,77.97,0.0,2.09,0.0,80.06,51.13,2.44,0.0,1706173.0,133030308.81,2
390,O,Realty Income Corporation,Real Estate,66.92,58.7,15.13,2.2,66.95,47.68,4.31,1.14,361303.0,24178396.76,1
391,REG,Regency Centers Corporation,Real Estate,59.13,227.42,9.58,1.67,60.15,33.29,4.09,0.26,169680.0,10033178.4,0
392,REGN,Regeneron Pharmaceuticals,Health Care,494.64,16.21,6.38,4.66,664.64,441.0,0.0,30.52,123382.0,61029672.48,2
393,RF,Regions Financial Corp.,Financials,20.97,20.36,4.07,1.22,22.61,8.41,2.92,1.03,1001507.0,21001601.79,0
394,RSG,Republic Services Inc,Industrials,104.21,34.51,3.27,3.92,104.55,74.77,1.64,3.02,318800.0,33222148.0,1
395,RMD,ResMed,Health Care,204.2,42.63,9.61,10.37,224.43,149.16,0.75,4.79,186723.0,38128836.6,1
396,RHI,Robert Half International,Industrials,82.23,30.46,1.82,7.6,83.54,38.95,1.83,2.7,113128.0,9302515.44,0
397,ROK,Rockwell Automation Inc.,Industrials,264.28,23.64,4.94,19.71,275.43,154.8,1.65,11.18,181400.0,47940391.99999999,1
398,ROL,"Rollins, Inc.",Industrials,35.23,66.47,8.02,18.4,43.0,23.03,0.92,0.53,491612.0,17319490.759999998,0
399,ROP,Roper Technologies,Industrials,424.95,47.32,8.07,4.25,455.72,304.55,0.54,8.98,106700.0,45342165.0,1
400,ROST,Ross Stores,Consumer Discretionary,129.07,537.79,3.67,13.98,129.62,79.65,0.9,0.24,356503.0,46013842.21,1
401,RCL,Royal Caribbean Group,Consumer Discretionary,84.5,0.0,9.74,2.29,99.24,31.41,0.0,-27.05,265198.0,22409231.0,0
402,SPGI,S&P Global Inc.,Financials,375.07,38.83,12.14,177.25,379.87,255.23,0.83,9.66,294000.0,110270580.0,2
403,CRM,Salesforce.com,Information Technology,233.0,53.2,10.1,5.16,284.5,144.51,0.0,4.38,919000.0,214127000.0,2
404,SBAC,SBA Communications,Real Estate,288.44,1373.52,15.13,0.0,328.37,232.88,0.82,0.21,109819.0,31676192.36,1
405,SLB,Schlumberger Ltd.,Energy,26.66,0.0,1.58,3.07,30.41,13.7,1.83,-7.57,1434326.0,38239131.16,1
406,STX,Seagate Technology,Information Technology,81.33,21.25,1.85,19.7,81.65,43.53,3.34,3.83,256719.0,20878956.27,0
407,SEE,Sealed Air,Materials,47.56,14.77,1.49,42.69,47.9,26.34,1.38,3.22,231958.0,11031922.48,0
408,SRE,Sempra Energy,Utilities,137.63,10.69,3.66,1.96,137.79,112.16,3.25,12.88,288470.0,39702126.1,1
409,NOW,ServiceNow,Information Technology,559.35,948.05,24.27,38.65,598.37,255.24,0.0,0.59,195844.0,109545341.4,2
410,SHW,Sherwin-Williams,Materials,257.14,34.94,3.75,19.22,258.32,154.01,0.86,7.36,269815.0,69380229.1,2
411,SPG,Simon Property Group Inc,Real Estate,114.57,31.91,8.17,12.56,121.92,47.25,4.57,3.59,357213.0,40925893.41,1
412,SWKS,Skyworks Solutions,Information Technology,190.65,30.14,7.93,7.12,195.82,88.08,1.06,6.33,232300.0,44287995.0,1
413,SNA,Snap-on,Industrials,232.14,20.29,3.21,3.28,233.88,107.2,2.11,11.44,67431.0,15653432.34,0
414,SO,Southern Company,Utilities,64.49,22.01,3.35,2.44,64.93,50.4,4.01,2.93,1057465.0,68195917.85,2
415,LUV,Southwest Airlines,Industrials,62.94,0.0,4.11,4.19,63.53,22.47,0.0,-5.44,888112.0,55897769.28,1
416,SWK,Stanley Black & Decker,Industrials,202.7,26.09,2.25,3.41,203.74,97.64,1.39,7.77,176903.0,35858238.1,1
417,SBUX,Starbucks Corp.,Consumer Discretionary,116.66,205.39,5.93,0.0,116.89,68.33,1.56,0.57,1173300.0,136877178.0,2
418,STT,State Street Corp.,Financials,86.51,13.69,2.6,1.29,87.89,51.21,2.4,6.32,503880.0,43590658.8,1
419,STE,Steris,Health Care,206.71,41.1,5.77,4.56,208.17,138.66,0.78,5.03,84924.0,17554640.04,0
420,SYK,Stryker Corp.,Health Care,256.85,61.15,6.74,7.38,257.09,164.65,1.0,4.2,376100.0,96601285.0,2
421,SIVB,SVB Financial,Financials,511.71,22.37,7.37,3.37,577.06,152.76,0.0,22.87,51888.0,26551608.48,1
422,SYF,Synchrony Financial,Financials,41.28,18.19,4.1,2.01,43.61,14.02,2.12,2.27,833985.0,34426900.800000004,1
423,SNPS,Synopsys Inc.,Information Technology,262.13,56.68,10.45,8.18,300.91,133.27,0.0,4.62,157261.0,41222825.93,1
424,SYY,Sysco Corp.,Consumer Staples,80.58,0.0,0.9,28.8,83.97,44.1,2.24,-0.66,765175.0,61657801.5,2
425,TMUS,T-Mobile US,Communication Services,131.47,49.67,2.39,2.5,135.54,84.47,0.0,2.65,1243346.0,163462698.62,2
426,TROW,T. Rowe Price Group,Financials,177.35,17.77,6.5,5.25,179.62,96.42,2.47,9.98,227965.0,40429592.75,1
427,TTWO,Take-Two Interactive,Communication Services,182.5,42.75,6.38,6.33,214.91,117.2,0.0,4.27,135927.0,24806677.5,1
428,TPR,"Tapestry, Inc.",Consumer Discretionary,46.25,0.0,2.77,4.44,47.06,11.51,0.0,-1.55,276200.0,12774250.0,0
429,TGT,Target Corp.,Consumer Discretionary,205.76,23.81,1.1,7.14,206.21,97.03,1.32,8.64,500877.0,103060451.52,2
430,TEL,TE Connectivity Ltd.,Information Technology,132.64,385.58,3.5,4.45,136.01,62.88,1.53,0.34,338953.0,44958725.92,1
431,TDY,Teledyne Technologies,Industrials,426.81,40.19,5.13,4.88,428.17,289.19,0.0,10.62,37700.0,16090737.0,0
432,TFX,Teleflex,Health Care,431.24,60.82,7.95,6.03,435.18,306.03,0.32,7.09,47812.0,20618446.88,0
433,TER,Teradyne,Information Technology,131.19,30.65,7.0,9.88,147.9,56.42,0.31,4.28,166123.0,21793676.37,0
434,TSLA,"Tesla, Inc.",Consumer Discretionary,738.85,1154.45,22.49,31.91,900.4,106.47,0.0,0.64,960000.0,709296000.0,2
435,TXN,Texas Instruments,Information Technology,193.17,32.37,12.33,19.33,193.53,105.3,2.14,5.97,1740816.0,336273426.72,2
436,TXT,Textron Inc.,Industrials,57.93,42.91,1.13,2.24,58.99,21.92,0.14,1.35,226400.0,13115352.0,0
437,BK,The Bank of New York Mellon,Financials,48.01,12.54,2.72,1.03,48.8,31.24,2.55,3.83,1382306.0,66364511.06,2
438,CLX,The Clorox Company,Consumer Staples,191.77,20.07,3.21,20.36,239.87,176.73,2.35,9.56,158741.0,30441761.57,1
439,COO,The Cooper Companies,Health Care,400.0,8.81,7.98,3.28,401.92,268.92,0.02,45.38,53400.0,21360000.0,0
440,HSY,The Hershey Company,Consumer Staples,160.9,26.33,4.09,15.0,161.71,125.5,2.03,6.11,221553.0,35647877.7,1
441,MOS,The Mosaic Company,Materials,33.13,18.93,1.45,1.31,35.2,9.57,0.6,1.75,389974.0,12919838.62,0
442,TRV,The Travelers Companies,Financials,154.36,14.67,1.21,1.33,161.19,85.1,2.19,10.52,779700.0,120354492.0,2
443,DIS,The Walt Disney Company,Communication Services,185.93,0.0,5.55,4.01,203.02,98.65,0.0,-2.74,1826063.0,339519893.59000003,2
444,TMO,Thermo Fisher Scientific,Health Care,494.38,30.98,6.03,5.68,532.57,290.52,0.22,15.96,437088.0,216087565.44,2
445,TJX,TJX Companies Inc.,Consumer Discretionary,69.24,989.14,2.6,14.3,71.06,42.52,1.52,0.07,1204698.0,83413289.52,2
446,TSCO,Tractor Supply Company,Consumer Discretionary,176.94,27.73,1.94,10.69,179.25,85.22,1.17,6.38,175128.0,30987148.32,1
447,TT,Trane Technologies plc,Industrials,170.51,0.0,3.26,0.0,170.75,73.73,1.39,0.0,263309.0,44896817.59,1
448,TDG,TransDigm Group,Industrials,623.79,94.95,7.19,0.0,629.85,282.19,0.0,6.57,58612.0,36561579.48,1
449,TRMB,Trimble Inc.,Information Technology,82.05,52.94,6.55,5.72,82.96,30.87,0.0,1.55,250800.0,20578140.0,0
450,TFC,Truist Financial,Financials,57.22,0.0,3.78,0.0,61.26,29.24,3.02,0.0,1348961.0,77187548.42,2
451,TWTR,"Twitter, Inc.",Communication Services,71.71,0.0,15.41,7.14,80.75,25.06,0.0,-1.44,796098.0,57088187.58,2
452,TYL,Tyler Technologies,Information Technology,449.43,95.83,16.39,9.17,479.79,291.16,0.0,4.69,48148.0,21639155.64,0
453,TSN,Tyson Foods,Consumer Staples,78.3,14.13,0.67,1.83,78.9,54.28,2.27,5.54,448000.0,35078400.0,1
454,USB,U.S. Bancorp,Financials,56.33,18.41,4.4,1.8,57.16,28.36,2.92,3.06,2125726.0,119742145.58,2
455,UDR,"UDR, Inc.",Real Estate,44.87,224.35,10.57,4.17,46.03,29.34,3.28,0.2,296612.0,13308980.44,0
456,ULTA,Ulta Beauty,Consumer Discretionary,326.32,104.93,2.98,9.18,351.0,185.15,0.0,3.11,56952.0,18584576.64,0
457,UAA,Under Armour (Class A),Consumer Discretionary,22.01,0.0,2.05,5.98,24.39,7.15,0.0,-1.21,455007.0,10014704.07,0
458,UA,Under Armour (Class C),Consumer Discretionary,18.31,0.0,2.05,4.97,20.31,6.37,0.0,-1.21,455007.0,8331178.169999999,0
459,UNP,Union Pacific Corp,Industrials,223.1,28.31,7.61,8.83,224.5,141.22,1.74,7.88,1112228.0,248138066.8,2
460,UAL,United Airlines Holdings,Industrials,56.12,0.0,1.18,2.94,63.7,18.18,0.0,-25.3,311845.0,17500741.4,0
461,UPS,United Parcel Service,Industrials,179.64,116.65,1.85,236.37,180.85,88.85,2.32,1.54,865000.0,155388600.0,2
462,URI,"United Rentals, Inc.",Industrials,325.39,26.67,2.76,5.17,339.72,94.8,0.0,12.2,114210.0,37162791.9,1
463,UNH,UnitedHealth Group Inc.,Health Care,390.01,24.33,1.43,5.63,392.36,246.26,1.33,16.03,946000.0,368949460.0,2
464,UHS,Universal Health Services,Health Care,141.12,12.84,1.04,1.9,143.84,86.65,0.58,10.99,85063.0,12004090.56,0
465,UNM,Unum Group,Financials,28.89,7.43,0.45,0.54,30.34,12.8,3.93,3.89,306567.0,8856720.63,0
466,VLO,Valero Energy,Energy,71.39,0.0,0.49,1.55,84.39,35.44,5.58,-3.5,673502.0,48081307.78,1
467,VAR,Varian Medical Systems,Health Care,177.07,58.4,5.22,7.26,177.21,103.67,0.0,3.03,91200.0,16148784.0,0
468,VTR,Ventas Inc,Real Estate,55.64,47.56,5.49,2.05,58.1,25.38,3.3,1.17,374609.0,20843244.76,0
469,VRSN,Verisign Inc.,Information Technology,208.32,29.47,18.57,0.0,221.3,184.6,0.0,7.07,353789.0,73701324.48,2
470,VRSK,Verisk Analytics,Industrials,184.5,42.81,10.76,11.13,210.66,142.46,0.63,4.31,544003.0,100368553.5,2
471,VZ,Verizon Communications,"Communication Services
",57.7,13.42,1.86,3.52,61.95,52.85,4.35,4.3,4291434.0,247615741.8,2
472,VRTX,Vertex Pharmaceuticals Inc,Health Care,221.1,21.49,9.22,6.61,306.08,202.57,0.0,10.29,259890.0,57461679.0,2
473,VFC,VF Corporation,Consumer Discretionary,84.01,0.0,3.76,10.47,89.68,50.72,2.33,-0.43,388812.0,32664096.12,1
474,VIAC,ViacomCBS,Communication Services,39.25,0.0,0.98,0.0,101.97,14.39,2.39,0.0,1119442.0,43938098.5,1
475,VTRS,Viatris,Health Care,13.28,0.0,1.34,0.0,19.24,13.16,0.0,0.0,1206896.0,16027578.88,0
476,V,Visa Inc.,Information Technology,226.28,46.71,23.23,14.23,228.23,159.15,0.58,4.84,2124586.0,480751320.08,2
477,VNO,Vornado Realty Trust,Real Estate,44.85,0.0,5.33,1.6,49.5,29.79,4.71,-1.83,191355.0,8582271.75,0
478,VMC,Vulcan Materials,Materials,174.75,39.86,4.77,3.84,176.35,88.6,0.85,4.38,132516.0,23157171.0,0
479,WRB,W. R. Berkley Corporation,Financials,79.41,28.26,1.74,2.24,79.96,45.25,0.6,2.81,352677.0,28006080.57,1
480,WBA,Walgreens Boots Alliance,Consumer Staples,53.72,0.0,0.33,2.2,56.78,33.36,3.43,-0.71,1172514.0,62987452.08,2
481,WMT,Walmart,Consumer Staples,140.16,29.51,0.71,4.89,153.66,117.01,1.58,4.75,2821000.0,395391360.0,2
482,WM,Waste Management Inc.,Industrials,134.52,38.22,3.73,7.63,134.9,90.91,1.72,3.52,630282.0,84785534.64,2
483,WAT,Waters Corporation,Health Care,299.65,35.84,7.86,80.42,303.27,171.38,0.0,8.36,161666.0,48443216.9,1
484,WEC,WEC Energy Group,Utilities,95.94,25.31,4.18,2.89,106.85,80.55,2.88,3.79,315435.0,30262833.9,1
485,WFC,Wells Fargo,Financials,42.24,28.95,2.74,1.05,42.26,20.76,0.95,1.46,5481811.0,231551696.64,2
486,WELL,Welltower Inc.,Real Estate,76.25,32.73,6.91,1.99,76.61,36.08,3.25,2.33,419124.0,31958205.0,1
487,WST,West Pharmaceutical Services,Health Care,310.95,68.04,10.7,12.41,312.12,154.4,0.23,4.57,75300.0,23414535.0,1
488,WDC,Western Digital,Information Technology,68.73,124.06,1.29,2.14,72.98,33.53,0.0,0.55,312000.0,21443760.0,0
489,WU,Western Union Co,Information Technology,25.76,14.39,2.19,56.74,26.16,17.56,3.67,1.79,411200.0,10592512.0,0
490,WAB,Westinghouse Air Brake Technologies Corp,Industrials,80.68,37.18,2.02,1.51,84.32,46.63,0.59,2.17,226900.0,18306292.0,0
491,WRK,WestRock,Materials,53.62,0.0,0.8,1.29,54.42,23.22,1.5,-2.61,260400.0,13962648.0,0
492,WY,Weyerhaeuser,Real Estate,38.51,36.09,3.83,3.3,38.74,16.05,1.79,1.07,747385.0,28781796.35,1
493,WHR,Whirlpool Corp.,Consumer Discretionary,230.89,13.53,0.74,3.83,233.49,92.84,2.16,17.07,112547.0,25985976.83,1
494,WMB,Williams Companies,Energy,23.84,140.24,3.75,2.46,24.69,14.14,6.93,0.17,1248000.0,29752320.0,1
495,WLTW,Willis Towers Watson,Financials,237.98,31.11,3.28,2.84,239.42,173.06,1.2,7.65,128965.0,30691090.7,1
496,WYNN,Wynn Resorts Ltd,Consumer Discretionary,127.92,0.0,7.06,0.0,143.88,59.75,0.0,-19.37,123483.0,15795945.36,0
497,XEL,Xcel Energy Inc,Utilities,69.96,25.08,3.27,2.58,76.44,56.07,2.66,2.79,537438.0,37599162.48,1
498,XLNX,Xilinx,Information Technology,130.1,52.06,10.47,12.27,154.93,80.45,0.0,2.5,243810.0,31719681.0,1
499,XYL,Xylem Inc.,Industrials,108.04,77.17,3.99,6.56,108.84,56.63,1.04,1.4,194900.0,21056996.0,0
500,YUM,Yum! Brands Inc,Consumer Discretionary,117.61,40.0,6.21,0.0,118.97,70.0,1.69,2.94,300000.0,35283000.0,1
501,ZBRA,Zebra Technologies,Information Technology,507.85,54.32,6.11,12.66,516.79,191.61,0.0,9.35,72152.0,36642393.2,1
502,ZBH,Zimmer Biomet,Health Care,171.76,0.0,5.09,2.92,172.34,100.9,0.57,-0.67,311400.0,53486064.0,1
503,ZION,Zions Bancorp,Financials,55.81,18.48,3.8,1.25,60.22,25.07,2.42,3.02,164090.0,9157862.9,0
504,ZTS,Zoetis,Health Care,165.45,48.38,11.77,20.87,176.64,121.5,0.61,3.42,501891.0,83037865.94999999,2
